band_name,band_type,item_label,nm_id
Банда Футболки,band,futmix3haki,577510563
Банда Футболки,band,futmix3(2),593190228
Банда Футболки,band,futbel1man,335769055
Банда Футболки,band,futbel1wom,386978954
Банда Футболки,band,futBL1man,335760311
Банда Футболки,band,футболка синяя,300841607
Банда ТРУСЫ дети,band,avokadogirl,91470767
Банда ТРУСЫ дети,band,лама,134111623
Банда ТРУСЫ дети,band,Перо,134118631
Банда ТРУСЫ дети,band,Черные детские основные,187029454
Банда ТРУСЫ дети,band,Мороженое,187029661
Банда ТРУСЫ дети,band,Трусы детские черные собачки и котики,42970295
Банда ТРУСЫ дети,band,Трусы детские ЧББ котики,37396253
Банда ТРУСЫ дети,band,Трусы детские черные 5шт,16915562
Банда ТРУСЫ дети,band,Мишки дети,91744473
Банда ТРУСЫ дети,band,blackcats&doggirl,368225219
Банда ТРУСЫ дети,band,Запрет детские,368218086
Банда ТРУСЫ Женские,band,BlackWOM5,197330807
Банда ТРУСЫ Женские,band,КОТЫ,36387055
Банда ТРУСЫ Женские,band,ЧББ,37320545
Банда ТРУСЫ Женские,band,BlackWOM3,28835923
Банда ТРУСЫ Женские,band,черный 7 основной,221311710
Банда ТРУСЫ Женские,band,Авокадо черн,139345207
Банда ТРУСЫ Женские,band,Черн.Дубл.Ж 5шт,311092550
Банда ТРУСЫ Женские,band,коты 4 большие,320893265
Банда ТРУСЫ Женские,band,Высокие ЧББ,898169514
Банда ТРУСЫ Женские,band,Фиолетовые,37342770
Банда ТРУСЫ Женские,band,Авокадо венера,219107635
Банда ТРУСЫ Женские,band,Безпринта,30366126
Банда ТРУСЫ Женские,band,Очки!,27100340
